{"111":{"studentID":"111","phone":"2222222","email":"2222@qq.com"},"123":{"studentID":"3333","phone":"333333","email":"591009329@qq.com"},"1119":{"studentID":"111","phone":"12312312312","email":"111@qq.com"},"5123":{"studentID":"214123","phone":"1241325","email":"56120@qq.com"},"22222":{"studentID":"55555","phone":"22131231","email":"123123@163.com"},"2424124":{"studentID":"24242424","phone":"24242424","email":"2424242@qq.com"},"www":{"studentID":"123123","phone":"123123231","email":"591@163.com"}}